clip	duration[ms]
common_voice_hi_42459085.mp3	5148
common_voice_hi_42459075.mp3	3888
common_voice_hi_42459322.mp3	7200
common_voice_hi_42457790.mp3	11556
common_voice_hi_42459043.mp3	7740
common_voice_hi_41938751.mp3	3636
common_voice_hi_42457788.mp3	3564
common_voice_hi_42232400.mp3	6588
common_voice_hi_42457789.mp3	6876
common_voice_hi_41938750.mp3	6696
common_voice_hi_42459103.mp3	8964
common_voice_hi_42232401.mp3	3960
common_voice_hi_42459062.mp3	5796
common_voice_hi_41964684.mp3	3780
common_voice_hi_41938756.mp3	4896
common_voice_hi_41938755.mp3	5256
common_voice_hi_42459108.mp3	3492
common_voice_hi_41964674.mp3	5544
common_voice_hi_42459066.mp3	5004
common_voice_hi_42459320.mp3	4896
common_voice_hi_42459073.mp3	5436
common_voice_hi_42232403.mp3	4068
common_voice_hi_42459041.mp3	3276
common_voice_hi_42457787.mp3	10116
common_voice_hi_42232399.mp3	6300
common_voice_hi_41938757.mp3	4536
common_voice_hi_42459083.mp3	7848
common_voice_hi_42459105.mp3	9252
common_voice_hi_42459040.mp3	6732
common_voice_hi_41938753.mp3	5256
common_voice_hi_42459114.mp3	5508
common_voice_hi_42459046.mp3	4500
common_voice_hi_42459081.mp3	5436
common_voice_hi_42457768.mp3	9864
common_voice_hi_41938752.mp3	6156
common_voice_hi_42459082.mp3	6192
common_voice_hi_42459039.mp3	8856
common_voice_hi_42457769.mp3	7704
common_voice_hi_42457786.mp3	5112
common_voice_hi_41964681.mp3	5184
common_voice_hi_41938758.mp3	7020
common_voice_hi_42459129.mp3	6084
common_voice_hi_42459038.mp3	5868
common_voice_hi_42459104.mp3	6840
common_voice_hi_42459065.mp3	7344
common_voice_hi_42459076.mp3	5112
common_voice_hi_41938754.mp3	4680
common_voice_hi_42459128.mp3	6228
common_voice_hi_41938759.mp3	4248
common_voice_hi_42459319.mp3	6444
common_voice_hi_41964676.mp3	6588
common_voice_hi_41964679.mp3	4032
common_voice_hi_42459131.mp3	5652
common_voice_hi_42459111.mp3	5292
common_voice_hi_42232402.mp3	4788
common_voice_hi_42459321.mp3	6120
common_voice_hi_42459063.mp3	7596
common_voice_hi_42457770.mp3	9324
common_voice_hi_42459042.mp3	4176
common_voice_hi_42459106.mp3	6732
common_voice_hi_42457767.mp3	7632
common_voice_hi_42459064.mp3	5616
common_voice_hi_42459113.mp3	7164
common_voice_hi_42459047.mp3	5976
common_voice_hi_42459044.mp3	5508
common_voice_hi_42459127.mp3	5760
common_voice_hi_42459318.mp3	6192
common_voice_hi_42459116.mp3	6084
common_voice_hi_42459037.mp3	5508
common_voice_hi_42459102.mp3	5436
common_voice_hi_42459130.mp3	2448
common_voice_hi_42459072.mp3	6768
common_voice_hi_42457766.mp3	7272
common_voice_hi_42459074.mp3	6840
common_voice_hi_42459086.mp3	5508
