client_id	path	sentence_id	sentence	sentence_domain	up_votes	down_votes	age	gender	accents	variant	locale	segment
4655b90e86d09b59aa6272d6641f5730e1f6c6e1a50e495da9962c4acf5432630038b0dfb9c80cd1975a831c93986949d0974d4a9052901fb8cd37ffbd1b691e	common_voice_hi_41938750.mp3	657f528919dfdabcb61b4519397c94a2b149ceb20ef3a4288e1867be1b60d446	पाकिस्तानी राष्ट्रपति परवेज मुशर्रफ ने अपने पद से इस्तीफा दिया		0	0			Hindi Bihari		hi	
4655b90e86d09b59aa6272d6641f5730e1f6c6e1a50e495da9962c4acf5432630038b0dfb9c80cd1975a831c93986949d0974d4a9052901fb8cd37ffbd1b691e	common_voice_hi_41938751.mp3	6040471320a148c2186817378bb000c87c213f9606304e0cc8b847eebf5cbac5	कश्मीरः भय और आक्रोश का आलम		0	0			Hindi Bihari		hi	
4655b90e86d09b59aa6272d6641f5730e1f6c6e1a50e495da9962c4acf5432630038b0dfb9c80cd1975a831c93986949d0974d4a9052901fb8cd37ffbd1b691e	common_voice_hi_41938752.mp3	66381869aceeb5fa5cb1dc7322c46502a6a994886efa4b602ee1cdd5cf848fac	आजतक दे रहा पाकिस्तान के आतंक के सबूत, इमरान खान क्या अब करेंगे कार्रवाई?		0	0			Hindi Bihari		hi	
4655b90e86d09b59aa6272d6641f5730e1f6c6e1a50e495da9962c4acf5432630038b0dfb9c80cd1975a831c93986949d0974d4a9052901fb8cd37ffbd1b691e	common_voice_hi_41938753.mp3	65f463a65e3820f2395a7b41ee2be96da637c2180a5eab72c02ada279f63677b	श्रीलंकाई क्रिकेटर सेनानायके ने दिया 'कन्ट्रोवर्सी' को जन्म		0	0			Hindi Bihari		hi	
4655b90e86d09b59aa6272d6641f5730e1f6c6e1a50e495da9962c4acf5432630038b0dfb9c80cd1975a831c93986949d0974d4a9052901fb8cd37ffbd1b691e	common_voice_hi_41938754.mp3	595b0e3fa7025d509422176f569cf56c65b0ff7eed44d57d6c41c97eb0ea82ed	सोशल मीडिया पर भड़काऊ संदेश डाला, तो हो सकती है जेल		0	0			Hindi Bihari		hi	
0907656db23561748009d009a83b9eda6e60a073e0f74ca031f96b2b3f002f058ef9f62f977b396feb54a2aedc45a524dfeec5017632bf29527006bd6202885f	common_voice_hi_41938755.mp3	580790041b043ace0a19751dbb74f470feb2cb3bd2d4d73504da7deb3a9b451e	तैमूर के बाद करीना-सैफ कर रहे दूसरे बच्चे की प्लानिंग, लेकिन...		0	0					hi	
0907656db23561748009d009a83b9eda6e60a073e0f74ca031f96b2b3f002f058ef9f62f977b396feb54a2aedc45a524dfeec5017632bf29527006bd6202885f	common_voice_hi_41938756.mp3	630ddea1318920998b7a25bda864d89e3a1b8e6d58ceba7d53d1e1561e27088c	वाराणसी: मोदी 'चाय वाले' के सामने सपा का 'पान वाला'		0	0					hi	
0907656db23561748009d009a83b9eda6e60a073e0f74ca031f96b2b3f002f058ef9f62f977b396feb54a2aedc45a524dfeec5017632bf29527006bd6202885f	common_voice_hi_41938757.mp3	5c06f08d565b2b8034e7e642e7a509087eddfca0bc9e6bce3625f197a6fd60ec	'स्टैच्यू और सेक्स' गेम से अपने प्यार में भरें रंग		0	0					hi	
0907656db23561748009d009a83b9eda6e60a073e0f74ca031f96b2b3f002f058ef9f62f977b396feb54a2aedc45a524dfeec5017632bf29527006bd6202885f	common_voice_hi_41938758.mp3	65c74cad3a0174b74ccab910202f209f1c572091c1b9578890adf7090e28a7cd	झूठ फैलाने की जुगलबंदी कर रहे हैं राहुल गांधी और विजय माल्या: पीयूष गोयल		0	0					hi	
0907656db23561748009d009a83b9eda6e60a073e0f74ca031f96b2b3f002f058ef9f62f977b396feb54a2aedc45a524dfeec5017632bf29527006bd6202885f	common_voice_hi_41938759.mp3	6698f80a970fc1de41f562ad22214e699fc7c878dc8f9aa4a65c42ee9c7b1699	नीतीश पर भड़के लालू, बोले 'जूनियर' मोदी को तवज्जो क्यों?		0	0					hi	
859873bdf37aa8fe4c34c73b0ac1189d687a0207b68c8f7fcaf20697fcc824a4ee81bc57e375988fbe8427d3e39af0c1c0a24feebf1f647fd0336f43ca42fd1d	common_voice_hi_41964674.mp3	5b1aec48465c9b55093b55ed0d140c3016d8e98e3900c10bec20d9214c42308d	बच्चों का कत्ल-ए-आम: सपनों का यूं मर जाना...		0	0					hi	
859873bdf37aa8fe4c34c73b0ac1189d687a0207b68c8f7fcaf20697fcc824a4ee81bc57e375988fbe8427d3e39af0c1c0a24feebf1f647fd0336f43ca42fd1d	common_voice_hi_41964676.mp3	668518378e43d8c72b247d10c79a0b2deeedc0e33355d3d4b22d7294fc4effa6	बीफ संबंधी बयान को लेकर गिरिराज ने लालू के खिलाफ फिर खोला मोर्चा		0	0					hi	
859873bdf37aa8fe4c34c73b0ac1189d687a0207b68c8f7fcaf20697fcc824a4ee81bc57e375988fbe8427d3e39af0c1c0a24feebf1f647fd0336f43ca42fd1d	common_voice_hi_41964679.mp3	62b8dee9c0cedfd661d23ae92701293860cd3fa07c7b458480ab46804572634c	सलमान को बेहतरीन सिंगर मानती हैं उनकी 'गर्लफ्रेंड'		0	0					hi	
859873bdf37aa8fe4c34c73b0ac1189d687a0207b68c8f7fcaf20697fcc824a4ee81bc57e375988fbe8427d3e39af0c1c0a24feebf1f647fd0336f43ca42fd1d	common_voice_hi_41964681.mp3	5a7360bcdb5d5c5f9befd3295981ac16d56584f68612a33574c7802a8d1770c5	खुशमिजाज लोगों की सेक्सुअल लाइफ भी Happy-Happy		0	0					hi	
859873bdf37aa8fe4c34c73b0ac1189d687a0207b68c8f7fcaf20697fcc824a4ee81bc57e375988fbe8427d3e39af0c1c0a24feebf1f647fd0336f43ca42fd1d	common_voice_hi_41964684.mp3	65210ac2e370c9dcbde68868ce4c8bb7b3d49b4ac2281902f046ce8b0d744bcf	मैं टॉम से तीन साल पहले मिली।		0	0					hi	
658fa86260e870171355ca6a09758f01c63849d721e2192fdfa522161172576f374dc5050816698b726daabbeb780b98cb83ec03d4f57eb14fda55e77e086941	common_voice_hi_42232399.mp3	6626c71306f663e45b3361ef167304b5cece738796116d347ead23b34f7a9212	Indian Oil में निकली कई पदों पर नौकरियां, जल्द करें अप्लाई		0	0	twenties		A Teen age mid heavy accent		hi	
658fa86260e870171355ca6a09758f01c63849d721e2192fdfa522161172576f374dc5050816698b726daabbeb780b98cb83ec03d4f57eb14fda55e77e086941	common_voice_hi_42232400.mp3	65d7b84cfc0897411d224c0335c465fc4f10caae773f709da83f59b7078a0f18	मेरठः हत्या के आरोप में जेल में बंद था पति, जिंदा निकली पत्नी		0	0	twenties		A Teen age mid heavy accent		hi	
658fa86260e870171355ca6a09758f01c63849d721e2192fdfa522161172576f374dc5050816698b726daabbeb780b98cb83ec03d4f57eb14fda55e77e086941	common_voice_hi_42232401.mp3	66b06676e093f933ed7ce0531351dc361c219bbea3aa7351d385b1f723720d00	खो गई मायावती के जन्मदिन की रौनक		0	0	twenties		A Teen age mid heavy accent		hi	
658fa86260e870171355ca6a09758f01c63849d721e2192fdfa522161172576f374dc5050816698b726daabbeb780b98cb83ec03d4f57eb14fda55e77e086941	common_voice_hi_42232402.mp3	67315cfbc494bc06fbffcd224b856a587e2f7da4e7432de89058541e94867d79	घोटालेबाजों के खिलाफ प्रचार में उतरी टीम अन्ना		0	0	twenties		A Teen age mid heavy accent		hi	
658fa86260e870171355ca6a09758f01c63849d721e2192fdfa522161172576f374dc5050816698b726daabbeb780b98cb83ec03d4f57eb14fda55e77e086941	common_voice_hi_42232403.mp3	6539168b4d28489a060cb5376e0206e31eee5a6c05cccd684af18b30aac1107a	अब ट्विटर पर कहें अपनी कहानी		0	0	twenties		A Teen age mid heavy accent		hi	
54b8bac70c19a1d8fe69e6d6b4729d342c6167aa179c12694c90d4a155f98f4c18ec15c1767dc14658d99f570115901c1ddcf3b654f5c92d8b32bf2301935cb0	common_voice_hi_42457766.mp3	5956463910be2230f5aeb50796ddebeb362a5bc05a8e84ec85f4492b9122f168	अब भी हनीमून मूड में मोदी सरकार: येचुरी		0	0					hi	
54b8bac70c19a1d8fe69e6d6b4729d342c6167aa179c12694c90d4a155f98f4c18ec15c1767dc14658d99f570115901c1ddcf3b654f5c92d8b32bf2301935cb0	common_voice_hi_42457767.mp3	649135072735b83aa737205dbe3f0a0aed8074c04e0db5c5ad2e9f130a68d2be	सेक्स रैकेट का भंडाफोड़, आपत्तिजनक हालत में मिले लड़के-लड़कियां		0	0					hi	
54b8bac70c19a1d8fe69e6d6b4729d342c6167aa179c12694c90d4a155f98f4c18ec15c1767dc14658d99f570115901c1ddcf3b654f5c92d8b32bf2301935cb0	common_voice_hi_42457768.mp3	612783d0d9cd6289c2420502e32a96d22d1aba10ad5aa51e1b3bf348ed579e50	बॉलीवुड स्ट्रगलर निकला आलिया का दुश्मन, दी थी गोलियों से भूनने की धमकी		0	0					hi	
54b8bac70c19a1d8fe69e6d6b4729d342c6167aa179c12694c90d4a155f98f4c18ec15c1767dc14658d99f570115901c1ddcf3b654f5c92d8b32bf2301935cb0	common_voice_hi_42457769.mp3	66f781354569e876430b1d74f1757e859b10a587902da22e1d99019be0907f25	भारत छोड़ो आंदोलन के नायक जो सबसे कम उम्र में राष्ट्रपति बने...		0	0					hi	
54b8bac70c19a1d8fe69e6d6b4729d342c6167aa179c12694c90d4a155f98f4c18ec15c1767dc14658d99f570115901c1ddcf3b654f5c92d8b32bf2301935cb0	common_voice_hi_42457770.mp3	5d25a502001cfebc9401d4da8d5a0acd1ac3e4c2e699a4f2ceb0871275817f95	अयोध्या फैसले को टालने की अपील पर मंगलवार को होगी सुनवाई: शीर्ष न्यायालय		0	0					hi	
bb7f75dd99002a7983fdaeafa660178932285272754a969fe7148ad824415e73436a17f7c8639d01173ed20ff5052fdae39df90d3d627c51b94a74673e8b2d57	common_voice_hi_42457786.mp3	638ee15e14fc660c0794e3b545b0f6ddeacb052f29b091376f35aba5fb736710	कमलनाथ पर आचार संहिता के उल्लंघन का केस		0	0					hi	
bb7f75dd99002a7983fdaeafa660178932285272754a969fe7148ad824415e73436a17f7c8639d01173ed20ff5052fdae39df90d3d627c51b94a74673e8b2d57	common_voice_hi_42457787.mp3	62eaa422eab373df0a468516fe402602955551c27769462143c8f1b5ebff7411	छोटे पर्दे के 'कुंभकर्ण' राकेश दीवाना की मोटापा घटाने के ऑपरेशन के बाद मौत		0	0					hi	
bb7f75dd99002a7983fdaeafa660178932285272754a969fe7148ad824415e73436a17f7c8639d01173ed20ff5052fdae39df90d3d627c51b94a74673e8b2d57	common_voice_hi_42457788.mp3	67412e8c95e8c4552d9ef440a827bf62affee03c441328b9ff9daf7e7e3fbb03	टॉम रो पड़ा।		0	0					hi	
bb7f75dd99002a7983fdaeafa660178932285272754a969fe7148ad824415e73436a17f7c8639d01173ed20ff5052fdae39df90d3d627c51b94a74673e8b2d57	common_voice_hi_42457789.mp3	5f5c2810b2d7d3723248faa68da88335848118d9b8b03ad6120532a886762119	लड़के जान लें अंतरंग पलों के ये सीक्रेट		0	0					hi	
bb7f75dd99002a7983fdaeafa660178932285272754a969fe7148ad824415e73436a17f7c8639d01173ed20ff5052fdae39df90d3d627c51b94a74673e8b2d57	common_voice_hi_42457790.mp3	6630d4aae89439fa3de63771273475beb19f2b667a820d5ba42854855f80ff78	कोलकाता में बारिश के बीच कमेंट्री बॉक्स में नेहरा और वीरू ने की मस्ती		0	0					hi	
8532ee1920f74cab963f7b2895f0b5d5519a8762bb1f3b742293915270928c8826003a955e9a9a092982572ddaceed20ff3eaedd2517aa8c4a3759585bfb5493	common_voice_hi_42459037.mp3	5b68f555ab2428ac9c2f6c308ceff7bbf68cefa797fb219f060eb19f51221b2f	मैंने उसे अपना नौकर बना लिया।		0	0	fourties		Native		hi	
8532ee1920f74cab963f7b2895f0b5d5519a8762bb1f3b742293915270928c8826003a955e9a9a092982572ddaceed20ff3eaedd2517aa8c4a3759585bfb5493	common_voice_hi_42459038.mp3	5813bbf96afedd058a7c587a9488c7c7ee1b5204a206e727ac9f2eaf1c16be7d	गौतम गुलाटी को नोटिस, सेक्सुअल कंटेंट कम करें		0	0	fourties		Native		hi	
8532ee1920f74cab963f7b2895f0b5d5519a8762bb1f3b742293915270928c8826003a955e9a9a092982572ddaceed20ff3eaedd2517aa8c4a3759585bfb5493	common_voice_hi_42459039.mp3	60b1a1af73f3e3bd298d3ace89f193f42734bb03410f4c90993d4f96396fb4cd	कश्मीरियों के समर्थन में उतरीं ममता बनर्जी, कहा- उन्हें अकेला नहीं छोड़ सकते		0	0	fourties		Native		hi	
8532ee1920f74cab963f7b2895f0b5d5519a8762bb1f3b742293915270928c8826003a955e9a9a092982572ddaceed20ff3eaedd2517aa8c4a3759585bfb5493	common_voice_hi_42459040.mp3	65a931f73273a9a1c0b24b36e3c2784fadb1ee34c15581b69dcc441475db3e1c	दिल्ली के रोहिणी कोर्ट में दिनदहाड़े कैदी की गोली मारकर हत्या		0	0	fourties		Native		hi	
8532ee1920f74cab963f7b2895f0b5d5519a8762bb1f3b742293915270928c8826003a955e9a9a092982572ddaceed20ff3eaedd2517aa8c4a3759585bfb5493	common_voice_hi_42459041.mp3	667e3403d317c4fe9e4ffe9fd35741e54283802119becc5f2fb6737b61791a4c	Digvijaya Singh		0	0	fourties		Native		hi	
8532ee1920f74cab963f7b2895f0b5d5519a8762bb1f3b742293915270928c8826003a955e9a9a092982572ddaceed20ff3eaedd2517aa8c4a3759585bfb5493	common_voice_hi_42459042.mp3	5f5fcb32be137421f20780a04c8cc2d5839d647faaffba2391a0e5b558dcb3aa	आप यहाँ मेरे साथ होंगे।		0	0	fourties		Native		hi	
8532ee1920f74cab963f7b2895f0b5d5519a8762bb1f3b742293915270928c8826003a955e9a9a092982572ddaceed20ff3eaedd2517aa8c4a3759585bfb5493	common_voice_hi_42459043.mp3	614dab3547de92a3bd94a92db36032cc45dc3916516ca434db2e2b47e03f6990	बुक में खुलासा, वीरप्पन पर कैसे कसा एसटीएफ ने फंदा		0	0	fourties		Native		hi	
8532ee1920f74cab963f7b2895f0b5d5519a8762bb1f3b742293915270928c8826003a955e9a9a092982572ddaceed20ff3eaedd2517aa8c4a3759585bfb5493	common_voice_hi_42459044.mp3	632037c478f71b52c3738f7ff651ccc62d231cece405f95c6f6fdebe94ecabc2	शुंगलू रिपोर्ट पर पीएम से मिली शीला दीक्षित		0	0	fourties		Native		hi	
8532ee1920f74cab963f7b2895f0b5d5519a8762bb1f3b742293915270928c8826003a955e9a9a092982572ddaceed20ff3eaedd2517aa8c4a3759585bfb5493	common_voice_hi_42459046.mp3	6755904a822004e3c1857b9d5a1f5add52509d78c8e883940a2bb7b23a47bcca	वास्तुकला क्षेत्र की बेमिसाल शख्सियत		0	0	fourties		Native		hi	
8532ee1920f74cab963f7b2895f0b5d5519a8762bb1f3b742293915270928c8826003a955e9a9a092982572ddaceed20ff3eaedd2517aa8c4a3759585bfb5493	common_voice_hi_42459047.mp3	664626f1a7d9e5a919d817e6772d48cdad3fba489f85757f9814cdbced105fe7	शीना मर्डर केस- हर किरदार की कहानी अब तक		0	0	fourties		Native		hi	
8532ee1920f74cab963f7b2895f0b5d5519a8762bb1f3b742293915270928c8826003a955e9a9a092982572ddaceed20ff3eaedd2517aa8c4a3759585bfb5493	common_voice_hi_42459062.mp3	675abc87ca18037049d46a1c2272bcce55355b54823e84b7eac5e8fb624608eb	एयर इंडिया ट्रांसपोर्ट सर्विस में सिक्योरिटी एजेंट की भर्ती		0	0	fourties		Native		hi	
8532ee1920f74cab963f7b2895f0b5d5519a8762bb1f3b742293915270928c8826003a955e9a9a092982572ddaceed20ff3eaedd2517aa8c4a3759585bfb5493	common_voice_hi_42459063.mp3	609b6811922b5d0d5dbcfb31d0097332fa5ce8cca84706dcfdda81acf6004a42	उत्तराखंड में बीजेपी के भीतर टिकट को लेकर सिरफुटौव्वल जारी...		0	0	fourties		Native		hi	
8532ee1920f74cab963f7b2895f0b5d5519a8762bb1f3b742293915270928c8826003a955e9a9a092982572ddaceed20ff3eaedd2517aa8c4a3759585bfb5493	common_voice_hi_42459064.mp3	6460e6b7faf940fa08339c814508aa95f9fa84657bf71da57f14c43f7f7291a9	घोटालों से देश की छवि पर असर पड़ाः प्रधानमंत्री		0	0	fourties		Native		hi	
8532ee1920f74cab963f7b2895f0b5d5519a8762bb1f3b742293915270928c8826003a955e9a9a092982572ddaceed20ff3eaedd2517aa8c4a3759585bfb5493	common_voice_hi_42459065.mp3	5ddb519299d3022d5d333be9450e76825ba46fb1746cf421e89f1b0a32a36ff1	असम विधानसभा चुनाव की तैयारी में जुटी कांग्रेस, बिहार फॉर्मूले को आजमाएगी		0	0	fourties		Native		hi	
8532ee1920f74cab963f7b2895f0b5d5519a8762bb1f3b742293915270928c8826003a955e9a9a092982572ddaceed20ff3eaedd2517aa8c4a3759585bfb5493	common_voice_hi_42459066.mp3	626715807a68c278e270b14d3bf98b7e8ae21241a34bd8b4aad283b8fcf72754	बिल गेट्स ने नीतीश की शान में कसीदे काढ़े		0	0	fourties		Native		hi	
8532ee1920f74cab963f7b2895f0b5d5519a8762bb1f3b742293915270928c8826003a955e9a9a092982572ddaceed20ff3eaedd2517aa8c4a3759585bfb5493	common_voice_hi_42459072.mp3	66be65e3a62142bc60eb3bd7266764c9bee8b3b428157cc9a1462bc54d3b2c44	मैच में अभी भी बने हुए हैं हमः मैट प्रायर		0	0	fourties		Native		hi	
8532ee1920f74cab963f7b2895f0b5d5519a8762bb1f3b742293915270928c8826003a955e9a9a092982572ddaceed20ff3eaedd2517aa8c4a3759585bfb5493	common_voice_hi_42459073.mp3	66ea5ac4fa6e70f12d59b95847965bc1d86523be8c8c9bb4a3098c85b494aaa4	कसाब की लंबी चली बहस और घटनाक्रम की सूची		0	0	fourties		Native		hi	
8532ee1920f74cab963f7b2895f0b5d5519a8762bb1f3b742293915270928c8826003a955e9a9a092982572ddaceed20ff3eaedd2517aa8c4a3759585bfb5493	common_voice_hi_42459074.mp3	65c9a6b14ceb0e3c3a502fbf6e67f239a120a3bb0743116c155fca1ecef2a122	चुपके से बिल गेट्स की पत्नी ने किया माओवादी इलाके के गांव का दौरा		0	0	fourties		Native		hi	
8532ee1920f74cab963f7b2895f0b5d5519a8762bb1f3b742293915270928c8826003a955e9a9a092982572ddaceed20ff3eaedd2517aa8c4a3759585bfb5493	common_voice_hi_42459075.mp3	633568e6ca9ba89fdb087f4230a89034e926950521285c952bb8db84dce6018f	कुत्ता रातभर भौंकता रहा।		0	0	fourties		Native		hi	
8532ee1920f74cab963f7b2895f0b5d5519a8762bb1f3b742293915270928c8826003a955e9a9a092982572ddaceed20ff3eaedd2517aa8c4a3759585bfb5493	common_voice_hi_42459076.mp3	584fb9e5690360b1983637027d3dad80083fb341ee84026e0066cc63e97cf2ce	पंजाब मैट्रिक परीक्षाः अमृतसर का मुकेश अव्वल		0	0	fourties		Native		hi	
8532ee1920f74cab963f7b2895f0b5d5519a8762bb1f3b742293915270928c8826003a955e9a9a092982572ddaceed20ff3eaedd2517aa8c4a3759585bfb5493	common_voice_hi_42459081.mp3	6034c30714591a5b0e0d971ad53582108f8844f0b0d873cc7eae1f015e54be2a	व्यक्ति ने अपनी नाबालिग बेटी से जबरन विवाह किया		0	0	fourties		Native		hi	
8532ee1920f74cab963f7b2895f0b5d5519a8762bb1f3b742293915270928c8826003a955e9a9a092982572ddaceed20ff3eaedd2517aa8c4a3759585bfb5493	common_voice_hi_42459082.mp3	5f2d1a34df341acd27d38ea55b9fdc66ad409127c1dbe01f1ae1501db16e05df	मुम्बई लोकल में सीट को लेकर झगड़ा और फिर फायरिंग		0	0	fourties		Native		hi	
8532ee1920f74cab963f7b2895f0b5d5519a8762bb1f3b742293915270928c8826003a955e9a9a092982572ddaceed20ff3eaedd2517aa8c4a3759585bfb5493	common_voice_hi_42459083.mp3	645d1ee2ae2a6147ef045f3e4a013cb09d6613cc1f14c8763bb39314212fe88b	पुरुष बनकर महिला टीचर ने की थी छात्रा से शादी, अब मांग रहे तलाक		0	0	fourties		Native		hi	
8532ee1920f74cab963f7b2895f0b5d5519a8762bb1f3b742293915270928c8826003a955e9a9a092982572ddaceed20ff3eaedd2517aa8c4a3759585bfb5493	common_voice_hi_42459085.mp3	66d90f454f4a5852e1e83d384890e5a9cacaef58ee152c5de6c18a7576b2dcdd	राजस्थान में राजे की मुश्किल भरी राह		0	0	fourties		Native		hi	
8532ee1920f74cab963f7b2895f0b5d5519a8762bb1f3b742293915270928c8826003a955e9a9a092982572ddaceed20ff3eaedd2517aa8c4a3759585bfb5493	common_voice_hi_42459086.mp3	63b27bd8e5d7173ace48b22c44ea9fd580124c1c81026cf5884ad81fbc4d485b	कभी स्कूल में पढ़ाता था बॉलीवुड का ये मशहूर डायरेक्टर		0	0	fourties		Native		hi	
8532ee1920f74cab963f7b2895f0b5d5519a8762bb1f3b742293915270928c8826003a955e9a9a092982572ddaceed20ff3eaedd2517aa8c4a3759585bfb5493	common_voice_hi_42459102.mp3	67271c4ab4dc05aac761eccc3393dbe9d47e6f7aa832abcafd2e116f0e6572cb	कविता के जरिए नरेंद्र मोदी ने बयां किया दर्द-ए-दिल		0	0	fourties		Native		hi	
8532ee1920f74cab963f7b2895f0b5d5519a8762bb1f3b742293915270928c8826003a955e9a9a092982572ddaceed20ff3eaedd2517aa8c4a3759585bfb5493	common_voice_hi_42459103.mp3	5f9d9f886a4607b12cf55db3b531b61f96a2e7a373ac3d1d03e76f148531a800	ऑनलाइन लीक हुईं हंसिका मोटवानी की प्राइवेट तस्वीरें, क्या हैकर्स की करतूत?		0	0	fourties		Native		hi	
8532ee1920f74cab963f7b2895f0b5d5519a8762bb1f3b742293915270928c8826003a955e9a9a092982572ddaceed20ff3eaedd2517aa8c4a3759585bfb5493	common_voice_hi_42459104.mp3	67868c33d8a57fc0a119361b760ffd548c87cdf299182fe5720f05c11b008e61	अभिनव बिंद्रा की बायोपिक में हर्षवर्धन कपूर के पिता बनेंगे अनिल कपूर		0	0	fourties		Native		hi	
8532ee1920f74cab963f7b2895f0b5d5519a8762bb1f3b742293915270928c8826003a955e9a9a092982572ddaceed20ff3eaedd2517aa8c4a3759585bfb5493	common_voice_hi_42459105.mp3	601a2738cce1a73edf53ab5c59dc971bb038725d9bbc612b8e26d5ef46169c36	अलवर लिंचिंग केस में नया मोड़, रकबर ने लाडपुर से नहीं खरीदी थी गाय		0	0	fourties		Native		hi	
8532ee1920f74cab963f7b2895f0b5d5519a8762bb1f3b742293915270928c8826003a955e9a9a092982572ddaceed20ff3eaedd2517aa8c4a3759585bfb5493	common_voice_hi_42459106.mp3	656e9abddf9e4b89124ebf6167e9c8d779fc5cc5070d59ed5dbf23e7fd5ad415	द ताशकंद फाइल्स: 'लोग फिल्म देखना चाहते हैं लेकिन कोई इसे दिखा नहीं रहा'		0	0	fourties		Native		hi	
8532ee1920f74cab963f7b2895f0b5d5519a8762bb1f3b742293915270928c8826003a955e9a9a092982572ddaceed20ff3eaedd2517aa8c4a3759585bfb5493	common_voice_hi_42459108.mp3	6198996dd5d563c32d64c3d91a936ac1656629b38bc78bfb04c56e038b0fe5ff	पापा काम कर रहे हैं।		0	0	fourties		Native		hi	
8532ee1920f74cab963f7b2895f0b5d5519a8762bb1f3b742293915270928c8826003a955e9a9a092982572ddaceed20ff3eaedd2517aa8c4a3759585bfb5493	common_voice_hi_42459111.mp3	649bf933d23e1d52f6f0f3658219ee52b02adc44ad09bbe52e1c43a564596c8f	बिजवासन में पानी को लेकर महिलाओं ने विधायक को घेरा		0	0	fourties		Native		hi	
8532ee1920f74cab963f7b2895f0b5d5519a8762bb1f3b742293915270928c8826003a955e9a9a092982572ddaceed20ff3eaedd2517aa8c4a3759585bfb5493	common_voice_hi_42459113.mp3	6677ff0025fa269da04935d897562cf22245a84274f86a43ad116581580e8713	रेप केस: हाई कोर्ट ने स्वीकार की राम रहीम और साध्वियों की याचिका		0	0	fourties		Native		hi	
8532ee1920f74cab963f7b2895f0b5d5519a8762bb1f3b742293915270928c8826003a955e9a9a092982572ddaceed20ff3eaedd2517aa8c4a3759585bfb5493	common_voice_hi_42459114.mp3	60b74b35cae70762c2021389dc4ac7b9429a90417aaa7646d5870e3fa4b2cac2	माकपा के वयोवृद्ध नेता ज्योति बसु की हालत गंभीर		0	0	fourties		Native		hi	
8532ee1920f74cab963f7b2895f0b5d5519a8762bb1f3b742293915270928c8826003a955e9a9a092982572ddaceed20ff3eaedd2517aa8c4a3759585bfb5493	common_voice_hi_42459116.mp3	5c2ce8edaf9fac540f98d3437b15612f6a6d1435e0b9656fd8519ad0e24e4a4c	पीयूष गोयल और अनंत कुमार की वजह से मोदी की किरकिरी		0	0	fourties		Native		hi	
8532ee1920f74cab963f7b2895f0b5d5519a8762bb1f3b742293915270928c8826003a955e9a9a092982572ddaceed20ff3eaedd2517aa8c4a3759585bfb5493	common_voice_hi_42459127.mp3	66be48bae14f99b6e7e0a7bedca13f8fa41ef95edd7f114e47be8debdac64908	योगी आदित्यनाथ ने मथुरावासियों को दिया 'बंदरों से बचने' का अनोखा मंत्र		0	0	fourties		Native		hi	
8532ee1920f74cab963f7b2895f0b5d5519a8762bb1f3b742293915270928c8826003a955e9a9a092982572ddaceed20ff3eaedd2517aa8c4a3759585bfb5493	common_voice_hi_42459128.mp3	64aed2f21548eb3a96a4f7db8a7b0064b062d3df417e00e248ac5e4332b48361	प्रताड़ना से तंग आकर रेलवे कर्मचारी ने जहर खाकर की खुदकुशी		0	0	fourties		Native		hi	
8532ee1920f74cab963f7b2895f0b5d5519a8762bb1f3b742293915270928c8826003a955e9a9a092982572ddaceed20ff3eaedd2517aa8c4a3759585bfb5493	common_voice_hi_42459129.mp3	672e2f32090107ded28cb98268bd134cfb0a1f493fd354b41af83be61ab712fb	इशरत मामला: नये एसआईटी के लिए अधिसूचना जारी		0	0	fourties		Native		hi	
8532ee1920f74cab963f7b2895f0b5d5519a8762bb1f3b742293915270928c8826003a955e9a9a092982572ddaceed20ff3eaedd2517aa8c4a3759585bfb5493	common_voice_hi_42459130.mp3	02ce49cda3d5221eed9791e6f4a5060e8f48dbb351b0f12be33ed24e894cbb1b	गलत।		0	0	fourties		Native		hi	
8532ee1920f74cab963f7b2895f0b5d5519a8762bb1f3b742293915270928c8826003a955e9a9a092982572ddaceed20ff3eaedd2517aa8c4a3759585bfb5493	common_voice_hi_42459131.mp3	63e00cbc6df142404ff4c1ac68c7c71c51cca1e5ecb8ef123273628fe901f050	ऐतिहासिक यात्रा पर यरूशलम पहुंचे राष्ट्रपति प्रणब मुखर्जी		0	0	fourties		Native		hi	
8532ee1920f74cab963f7b2895f0b5d5519a8762bb1f3b742293915270928c8826003a955e9a9a092982572ddaceed20ff3eaedd2517aa8c4a3759585bfb5493	common_voice_hi_42459318.mp3	64c91cc5f5064a046362ba955fa46a16437145bff814a5313ee392a14d864bd2	रिलेशनशिप में अपनी मर्यादा बचाने की जिम्मेदारी महिला की: कोर्ट		0	0	fourties		Native		hi	
8532ee1920f74cab963f7b2895f0b5d5519a8762bb1f3b742293915270928c8826003a955e9a9a092982572ddaceed20ff3eaedd2517aa8c4a3759585bfb5493	common_voice_hi_42459319.mp3	679b0b05624894555ea763da01bfb37498fd5fed95b04a08a24a23a5b6f7be15	पत्नी के साथ आपत्तिजनक हालत में देखा, तो कर दिया कत्ल		0	0	fourties		Native		hi	
8532ee1920f74cab963f7b2895f0b5d5519a8762bb1f3b742293915270928c8826003a955e9a9a092982572ddaceed20ff3eaedd2517aa8c4a3759585bfb5493	common_voice_hi_42459320.mp3	66fb589dbbe160323aab08b3f67608aa50698e3d814a169d618e36a617f9d83e	इन वजहों से 'फ्लॉप' स्टार हैं सलमान खान		0	0	fourties		Native		hi	
8532ee1920f74cab963f7b2895f0b5d5519a8762bb1f3b742293915270928c8826003a955e9a9a092982572ddaceed20ff3eaedd2517aa8c4a3759585bfb5493	common_voice_hi_42459321.mp3	667f96d9aa0f1290e449730aea3ccfa93394270d8ed530909bfd68be6a757c49	आज रैलियों का रविवार: मोदी, राहुल, केजरीवाल पेश करेंगे चुनौती		0	0	fourties		Native		hi	
8532ee1920f74cab963f7b2895f0b5d5519a8762bb1f3b742293915270928c8826003a955e9a9a092982572ddaceed20ff3eaedd2517aa8c4a3759585bfb5493	common_voice_hi_42459322.mp3	6267c04895e8a2857ed7fcb7702ec1c2dbf7c8bf2f9f1eb39a5024edb52b12c5	हांगकांग की महिला प्रदर्शनकारियों ने लगाए यौन उत्पीड़न के गंभीर आरोप		0	0	fourties		Native		hi	
